GeoAreaKey,label,search_key,state_abbrev,country,source_view,confidence,note
1,Australian Capital Territory,australian capital territory,ACT,AU,dim_contoso_customer,I,served customers in this area: 100
2,New South Wales,new south wales,NSW,AU,dim_contoso_customer,I,served customers in this area: 3155
3,Northern Territory,northern territory,NT,AU,dim_contoso_customer,I,served customers in this area: 98
4,Queensland,queensland,QLD,AU,dim_contoso_customer,I,served customers in this area: 2086
5,South Australia,south australia,SA,AU,dim_contoso_customer,I,served customers in this area: 1153
6,Tasmania,tasmania,TAS,AU,dim_contoso_customer,I,served customers in this area: 468
7,Victoria,victoria,VIC,AU,dim_contoso_customer,I,served customers in this area: 1980
8,Western Australia,western australia,WA,AU,dim_contoso_customer,I,served customers in this area: 1068
9,Alberta,alberta,AB,CA,dim_contoso_customer,I,served customers in this area: 1485
10,British Columbia,british columbia,BC,CA,dim_contoso_customer,I,served customers in this area: 1718
11,Manitoba,manitoba,MB,CA,dim_contoso_customer,I,served customers in this area: 92
12,New Brunswick,new brunswick,NB,CA,dim_contoso_customer,I,served customers in this area: 15
13,Newfoundland and Labrador,newfoundland and labrador,NL,CA,dim_contoso_customer,I,served customers in this area: 19
14,Nova Scotia,nova scotia,NS,CA,dim_contoso_customer,I,served customers in this area: 172
15,Northwest Territories,northwest territories,NT,CA,dim_contoso_customer,I,served customers in this area: 47
16,Nunavut,nunavut,NU,CA,dim_contoso_customer,I,served customers in this area: 43
17,Ontario,ontario,ON,CA,dim_contoso_customer,I,served customers in this area: 4287
18,Prince Edward Island,prince edward island,PE,CA,dim_contoso_customer,I,served customers in this area: 82
19,Quebec,quebec,QC,CA,dim_contoso_customer,I,served customers in this area: 1643
20,Saskatchewan,saskatchewan,SK,CA,dim_contoso_customer,I,served customers in this area: 476
21,Yukon,yukon,YT,CA,dim_contoso_customer,I,served customers in this area: 32
22,Brandenburg,brandenburg,BB,DE,dim_contoso_customer,I,served customers in this area: 259
23,Berlin,berlin,BE,DE,dim_contoso_customer,I,served customers in this area: 183
24,Baden-Württemberg,baden-württemberg,BW,DE,dim_contoso_customer,I,served customers in this area: 974
25,Freistaat Bayern,freistaat bayern,BY,DE,dim_contoso_customer,I,served customers in this area: 2891
26,Freie Hansestadt Bremen,freie hansestadt bremen,HB,DE,dim_contoso_customer,I,served customers in this area: 74
27,Hessen,hessen,HE,DE,dim_contoso_customer,I,served customers in this area: 253
28,Hamburg,hamburg,HH,DE,dim_contoso_customer,I,served customers in this area: 179
29,Mecklenburg-Vorpommern,mecklenburg-vorpommern,MV,DE,dim_contoso_customer,I,served customers in this area: 234
30,Niedersachsen,niedersachsen,NI,DE,dim_contoso_customer,I,served customers in this area: 701
31,Nordrhein-Westfalen,nordrhein-westfalen,NW,DE,dim_contoso_customer,I,served customers in this area: 821
32,Rheinland-Pfalz,rheinland-pfalz,RP,DE,dim_contoso_customer,I,served customers in this area: 1444
33,Schleswig-Holstein,schleswig-holstein,SH,DE,dim_contoso_customer,I,served customers in this area: 631
34,Saarland,saarland,SL,DE,dim_contoso_customer,I,served customers in this area: 57
35,Freistaat Sachsen,freistaat sachsen,SN,DE,dim_contoso_customer,I,served customers in this area: 505
36,Sachsen-Anhalt,sachsen-anhalt,ST,DE,dim_contoso_customer,I,served customers in this area: 339
37,Freistaat Thüringen,freistaat thüringen,TH,DE,dim_contoso_customer,I,served customers in this area: 436
38,Alsace,alsace,AL,FR,dim_contoso_customer,I,served customers in this area: 76
39,Aquitaine,aquitaine,AQ,FR,dim_contoso_customer,I,served customers in this area: 236
40,Auvergne,auvergne,AU,FR,dim_contoso_customer,I,served customers in this area: 60
41,Basse-Normandie,basse-normandie,BN,FR,dim_contoso_customer,I,served customers in this area: 48
42,Bourgogne,bourgogne,BO,FR,dim_contoso_customer,I,served customers in this area: 73
43,Bretagne,bretagne,BR,FR,dim_contoso_customer,I,served customers in this area: 88
44,Champagne-Ardenne,champagne-ardenne,CA,FR,dim_contoso_customer,I,served customers in this area: 85
45,Centre,centre,CE,FR,dim_contoso_customer,I,served customers in this area: 120
46,Corse,corse,CO,FR,dim_contoso_customer,I,served customers in this area: 37
47,Franche-Comté,franche-comté,FC,FR,dim_contoso_customer,I,served customers in this area: 49
48,Guadeloupe,guadeloupe,GD,FR,dim_contoso_customer,I,served customers in this area: 79
49,Guyane,guyane,GY,FR,dim_contoso_customer,I,served customers in this area: 98
50,Haute-Normandie,haute-normandie,HN,FR,dim_contoso_customer,I,served customers in this area: 118
51,Île-de-France,île-de-france,IL,FR,dim_contoso_customer,I,served customers in this area: 1601
52,Limousin,limousin,LI,FR,dim_contoso_customer,I,served customers in this area: 48
53,Languedoc-Roussillon,languedoc-roussillon,LN,FR,dim_contoso_customer,I,served customers in this area: 162
54,Lorraine,lorraine,LO,FR,dim_contoso_customer,I,served customers in this area: 156
55,La Réunion,la réunion,LR,FR,dim_contoso_customer,I,served customers in this area: 7
56,Midi-Pyrénées,midi-pyrénées,MP,FR,dim_contoso_customer,I,served customers in this area: 170
57,Martinique,martinique,MQ,FR,dim_contoso_customer,I,served customers in this area: 41
58,Mayotte,mayotte,MY,FR,dim_contoso_customer,I,served customers in this area: 17
59,Nord-Pas-de-Calais,nord-pas-de-calais,NP,FR,dim_contoso_customer,I,served customers in this area: 307
60,Provence-Alpes-Côte d'Azur,provence-alpes-côte d'azur,PA,FR,dim_contoso_customer,I,served customers in this area: 495
61,Poitou-Charentes,poitou-charentes,PC,FR,dim_contoso_customer,I,served customers in this area: 61
62,Picardie,picardie,PI,FR,dim_contoso_customer,I,served customers in this area: 74
63,Pays de la Loire,pays de la loire,PL,FR,dim_contoso_customer,I,served customers in this area: 181
64,Rhône-Alpes,rhône-alpes,RA,FR,dim_contoso_customer,I,served customers in this area: 392
65,Aberdeen,aberdeen,Aberdeen,GB,dim_contoso_customer,I,served customers in this area: 48
66,Aberdeenshire,aberdeenshire,Aberdeenshire,GB,dim_contoso_customer,I,served customers in this area: 353
68,Allerdale,allerdale,Allerdale,GB,dim_contoso_customer,I,served customers in this area: 35
69,Amber Valley,amber valley,Amber Valley,GB,dim_contoso_customer,I,served customers in this area: 19
70,Anglesey,anglesey,Anglesey,GB,dim_contoso_customer,I,served customers in this area: 62
71,Angus,angus,Angus,GB,dim_contoso_customer,I,served customers in this area: 129
72,Argyll and Bute,argyll and bute,Argyll and Bute,GB,dim_contoso_customer,I,served customers in this area: 23
73,Argyllshire,argyllshire,Argyllshire,GB,dim_contoso_customer,I,served customers in this area: 333
74,Armagh,armagh,Armagh,GB,dim_contoso_customer,I,served customers in this area: 1
75,Arun,arun,Arun,GB,dim_contoso_customer,I,served customers in this area: 22
76,Ashfield,ashfield,Ashfield,GB,dim_contoso_customer,I,served customers in this area: 7
77,Ashford,ashford,Ashford,GB,dim_contoso_customer,I,served customers in this area: 61
78,Aylesbury Vale,aylesbury vale,Aylesbury Vale,GB,dim_contoso_customer,I,served customers in this area: 53
80,Babergh,babergh,Babergh,GB,dim_contoso_customer,I,served customers in this area: 47
81,Barking and Dagenham,barking and dagenham,Barking and Dagenham,GB,dim_contoso_customer,I,served customers in this area: 1
82,Barnet,barnet,Barnet,GB,dim_contoso_customer,I,served customers in this area: 9
83,Barnsley,barnsley,Barnsley,GB,dim_contoso_customer,I,served customers in this area: 19
84,Barrow-in-Furness,barrow-in-furness,Barrow-in-Furness,GB,dim_contoso_customer,I,served customers in this area: 8
85,Basildon,basildon,Basildon,GB,dim_contoso_customer,I,served customers in this area: 11
86,Bassetlaw,bassetlaw,Bassetlaw,GB,dim_contoso_customer,I,served customers in this area: 33
87,Bath and North East Somerset,bath and north east somerset,Bath and North East Somerset,GB,dim_contoso_customer,I,served customers in this area: 49
88,Bedford,bedford,Bedford,GB,dim_contoso_customer,I,served customers in this area: 55
89,Belfast,belfast,Belfast,GB,dim_contoso_customer,I,served customers in this area: 1
90,Berkshire,berkshire,Berkshire,GB,dim_contoso_customer,I,served customers in this area: 55
91,Bexley,bexley,Bexley,GB,dim_contoso_customer,I,served customers in this area: 9
92,Bingley,bingley,Bingley,GB,dim_contoso_customer,I,served customers in this area: 1
93,Birmingham,birmingham,Birmingham,GB,dim_contoso_customer,I,served customers in this area: 41
94,Blackburn with Darwen,blackburn with darwen,Blackburn with Darwen,GB,dim_contoso_customer,I,served customers in this area: 12
95,Blackpool,blackpool,Blackpool,GB,dim_contoso_customer,I,served customers in this area: 3
96,Blaenau Gwent,blaenau gwent,Blaenau Gwent,GB,dim_contoso_customer,I,served customers in this area: 1
97,Bolsover,bolsover,Bolsover,GB,dim_contoso_customer,I,served customers in this area: 17
98,Bolton,bolton,Bolton,GB,dim_contoso_customer,I,served customers in this area: 7
99,Boston,boston,Boston,GB,dim_contoso_customer,I,served customers in this area: 35
100,Bournemouth,bournemouth,Bournemouth,GB,dim_contoso_customer,I,served customers in this area: 5
101,Bracknell Forest,bracknell forest,Bracknell Forest,GB,dim_contoso_customer,I,served customers in this area: 11
102,Bradford,bradford,Bradford,GB,dim_contoso_customer,I,served customers in this area: 36
103,Braintree,braintree,Braintree,GB,dim_contoso_customer,I,served customers in this area: 38
104,Breckland,breckland,Breckland,GB,dim_contoso_customer,I,served customers in this area: 28
105,Brent,brent,Brent,GB,dim_contoso_customer,I,served customers in this area: 1
106,Brentwood,brentwood,Brentwood,GB,dim_contoso_customer,I,served customers in this area: 21
107,Bridgend,bridgend,Bridgend,GB,dim_contoso_customer,I,served customers in this area: 22
108,Brighton and Hove,brighton and hove,Brighton and Hove,GB,dim_contoso_customer,I,served customers in this area: 9
109,Bristol,bristol,Bristol,GB,dim_contoso_customer,I,served customers in this area: 64
110,Broadstairs,broadstairs,Broadstairs,GB,dim_contoso_customer,I,served customers in this area: 3
111,Bromley,bromley,Bromley,GB,dim_contoso_customer,I,served customers in this area: 21
112,Bromsgrove,bromsgrove,Bromsgrove,GB,dim_contoso_customer,I,served customers in this area: 17
113,Bromsgrove Worcestershire,bromsgrove worcestershire,Bromsgrove Worcestershire,GB,dim_contoso_customer,I,served customers in this area: 5
114,Broxbourne,broxbourne,Broxbourne,GB,dim_contoso_customer,I,served customers in this area: 1
115,Broxtowe,broxtowe,Broxtowe,GB,dim_contoso_customer,I,served customers in this area: 13
116,Burnley,burnley,Burnley,GB,dim_contoso_customer,I,served customers in this area: 15
117,Bury,bury,Bury,GB,dim_contoso_customer,I,served customers in this area: 11
118,Buteshire,buteshire,Buteshire,GB,dim_contoso_customer,I,served customers in this area: 13
119,Caerphilly,caerphilly,Caerphilly,GB,dim_contoso_customer,I,served customers in this area: 7
120,Calderdale,calderdale,Calderdale,GB,dim_contoso_customer,I,served customers in this area: 20
121,Cambridge,cambridge,Cambridge,GB,dim_contoso_customer,I,served customers in this area: 52
122,Camden,camden,Camden,GB,dim_contoso_customer,I,served customers in this area: 5
123,Cannock Chase,cannock chase,Cannock Chase,GB,dim_contoso_customer,I,served customers in this area: 24
124,Canterbury,canterbury,Canterbury,GB,dim_contoso_customer,I,served customers in this area: 6
125,Cardiff,cardiff,Cardiff,GB,dim_contoso_customer,I,served customers in this area: 17
126,Carlisle,carlisle,Carlisle,GB,dim_contoso_customer,I,served customers in this area: 86
127,Carmarthenshire,carmarthenshire,Carmarthenshire,GB,dim_contoso_customer,I,served customers in this area: 138
128,Castle Point,castle point,Castle Point,GB,dim_contoso_customer,I,served customers in this area: 5
129,Central Bedfordshire,central bedfordshire,Central Bedfordshire,GB,dim_contoso_customer,I,served customers in this area: 45
130,Ceredigion,ceredigion,Ceredigion,GB,dim_contoso_customer,I,served customers in this area: 91
131,Charnwood,charnwood,Charnwood,GB,dim_contoso_customer,I,served customers in this area: 13
132,Chelmsford,chelmsford,Chelmsford,GB,dim_contoso_customer,I,served customers in this area: 39
133,Cherwell,cherwell,Cherwell,GB,dim_contoso_customer,I,served customers in this area: 41
134,Cheshire East,cheshire east,Cheshire East,GB,dim_contoso_customer,I,served customers in this area: 83
135,Cheshire West and Chester,cheshire west and chester,Cheshire West and Chester,GB,dim_contoso_customer,I,served customers in this area: 95
136,Chesterfield,chesterfield,Chesterfield,GB,dim_contoso_customer,I,served customers in this area: 12
137,Chichester,chichester,Chichester,GB,dim_contoso_customer,I,served customers in this area: 29
138,Chiltern,chiltern,Chiltern,GB,dim_contoso_customer,I,served customers in this area: 10
139,Chorley,chorley,Chorley,GB,dim_contoso_customer,I,served customers in this area: 8
140,Christchurch,christchurch,Christchurch,GB,dim_contoso_customer,I,served customers in this area: 10
141,City of London,city of london,City of London,GB,dim_contoso_customer,I,served customers in this area: 9
142,Colchester,colchester,Colchester,GB,dim_contoso_customer,I,served customers in this area: 43
143,Comhairle nan Eilean Siar,comhairle nan eilean siar,Comhairle nan Eilean Siar,GB,dim_contoso_customer,I,served customers in this area: 127
144,Conwy,conwy,Conwy,GB,dim_contoso_customer,I,served customers in this area: 64
145,Copeland,copeland,Copeland,GB,dim_contoso_customer,I,served customers in this area: 48
146,Corby,corby,Corby,GB,dim_contoso_customer,I,served customers in this area: 6
147,Cornwall,cornwall,Cornwall,GB,dim_contoso_customer,I,served customers in this area: 329
148,Cotswold,cotswold,Cotswold,GB,dim_contoso_customer,I,served customers in this area: 44
149,County Durham,county durham,County Durham,GB,dim_contoso_customer,I,served customers in this area: 121
150,Coventry,coventry,Coventry,GB,dim_contoso_customer,I,served customers in this area: 19
151,Craven,craven,Craven,GB,dim_contoso_customer,I,served customers in this area: 55
152,Crawley,crawley,Crawley,GB,dim_contoso_customer,I,served customers in this area: 14
153,Croydon,croydon,Croydon,GB,dim_contoso_customer,I,served customers in this area: 13
154,Dacorum,dacorum,Dacorum,GB,dim_contoso_customer,I,served customers in this area: 20
155,Darlington,darlington,Darlington,GB,dim_contoso_customer,I,served customers in this area: 22
156,Dartford,dartford,Dartford,GB,dim_contoso_customer,I,served customers in this area: 8
157,Daventry,daventry,Daventry,GB,dim_contoso_customer,I,served customers in this area: 55
158,Denbighshire,denbighshire,Denbighshire,GB,dim_contoso_customer,I,served customers in this area: 34
159,Derby,derby,Derby,GB,dim_contoso_customer,I,served customers in this area: 22
160,Derbyshire Dales,derbyshire dales,Derbyshire Dales,GB,dim_contoso_customer,I,served customers in this area: 86
161,Derry,derry,Derry,GB,dim_contoso_customer,I,served customers in this area: 2
162,Doncaster,doncaster,Doncaster,GB,dim_contoso_customer,I,served customers in this area: 62
163,Dudley,dudley,Dudley,GB,dim_contoso_customer,I,served customers in this area: 29
164,Dumfriesshire,dumfriesshire,Dumfriesshire,GB,dim_contoso_customer,I,served customers in this area: 113
165,Dundee,dundee,Dundee,GB,dim_contoso_customer,I,served customers in this area: 24
166,Dungannon and South Tyrone,dungannon and south tyrone,Dungannon and South Tyrone,GB,dim_contoso_customer,I,served customers in this area: 1
167,Ealing,ealing,Ealing,GB,dim_contoso_customer,I,served customers in this area: 7
168,East Ayrshire,east ayrshire,East Ayrshire,GB,dim_contoso_customer,I,served customers in this area: 62
169,East Devon,east devon,East Devon,GB,dim_contoso_customer,I,served customers in this area: 12
170,East Dorset,east dorset,East Dorset,GB,dim_contoso_customer,I,served customers in this area: 34
171,East Dunbartonshire,east dunbartonshire,East Dunbartonshire,GB,dim_contoso_customer,I,served customers in this area: 8
172,East Hampshire,east hampshire,East Hampshire,GB,dim_contoso_customer,I,served customers in this area: 45
173,East Hertfordshire,east hertfordshire,East Hertfordshire,GB,dim_contoso_customer,I,served customers in this area: 39
174,East Lindsey,east lindsey,East Lindsey,GB,dim_contoso_customer,I,served customers in this area: 38
175,East Lothian,east lothian,East Lothian,GB,dim_contoso_customer,I,served customers in this area: 33
176,East Northamptonshire,east northamptonshire,East Northamptonshire,GB,dim_contoso_customer,I,served customers in this area: 44
177,East Renfrewshire,east renfrewshire,East Renfrewshire,GB,dim_contoso_customer,I,served customers in this area: 3
178,East Riding of Yorkshire,east riding of yorkshire,East Riding of Yorkshire,GB,dim_contoso_customer,I,served customers in this area: 122
179,East Staffordshire,east staffordshire,East Staffordshire,GB,dim_contoso_customer,I,served customers in this area: 11
180,Eastbourne,eastbourne,Eastbourne,GB,dim_contoso_customer,I,served customers in this area: 4
181,Eastleigh,eastleigh,Eastleigh,GB,dim_contoso_customer,I,served customers in this area: 23
182,Eden,eden,Eden,GB,dim_contoso_customer,I,served customers in this area: 80
183,Edinburgh,edinburgh,Edinburgh,GB,dim_contoso_customer,I,served customers in this area: 24
184,Elmbridge,elmbridge,Elmbridge,GB,dim_contoso_customer,I,served customers in this area: 10
185,Ely,ely,Ely,GB,dim_contoso_customer,I,served customers in this area: 14
186,Enfield,enfield,Enfield,GB,dim_contoso_customer,I,served customers in this area: 14
187,Epping Forest,epping forest,Epping Forest,GB,dim_contoso_customer,I,served customers in this area: 23
188,Epsom and Ewell,epsom and ewell,Epsom and Ewell,GB,dim_contoso_customer,I,served customers in this area: 1
189,Erewash,erewash,Erewash,GB,dim_contoso_customer,I,served customers in this area: 14
190,Exeter,exeter,Exeter,GB,dim_contoso_customer,I,served customers in this area: 255
191,Falkirk,falkirk,Falkirk,GB,dim_contoso_customer,I,served customers in this area: 119
192,Fenland,fenland,Fenland,GB,dim_contoso_customer,I,served customers in this area: 29
193,Fermanagh,fermanagh,Fermanagh,GB,dim_contoso_customer,I,served customers in this area: 1
194,Fife,fife,Fife,GB,dim_contoso_customer,I,served customers in this area: 112
195,Flintshire,flintshire,Flintshire,GB,dim_contoso_customer,I,served customers in this area: 43
196,Folkestone,folkestone,Folkestone,GB,dim_contoso_customer,I,served customers in this area: 9
197,Forest Heath,forest heath,Forest Heath,GB,dim_contoso_customer,I,served customers in this area: 15
198,Fylde,fylde,Fylde,GB,dim_contoso_customer,I,served customers in this area: 42
199,Gateshead,gateshead,Gateshead,GB,dim_contoso_customer,I,served customers in this area: 22
200,Gedling,gedling,Gedling,GB,dim_contoso_customer,I,served customers in this area: 7
201,Glasgow,glasgow,Glasgow,GB,dim_contoso_customer,I,served customers in this area: 10
202,Gloucester,gloucester,Gloucester,GB,dim_contoso_customer,I,served customers in this area: 98
203,Gravesham,gravesham,Gravesham,GB,dim_contoso_customer,I,served customers in this area: 9
204,Greenwich,greenwich,Greenwich,GB,dim_contoso_customer,I,served customers in this area: 3
205,Guernsey,guernsey,Guernsey,GB,dim_contoso_customer,I,served customers in this area: 2
206,Guildford,guildford,Guildford,GB,dim_contoso_customer,I,served customers in this area: 29
207,Gwynedd,gwynedd,Gwynedd,GB,dim_contoso_customer,I,served customers in this area: 129
208,Hackney,hackney,Hackney,GB,dim_contoso_customer,I,served customers in this area: 4
209,Halton,halton,Halton,GB,dim_contoso_customer,I,served customers in this area: 3
210,Hambleton,hambleton,Hambleton,GB,dim_contoso_customer,I,served customers in this area: 15
211,Hammersmith and Fulham,hammersmith and fulham,Hammersmith and Fulham,GB,dim_contoso_customer,I,served customers in this area: 3
212,Hampshire,hampshire,Hampshire,GB,dim_contoso_customer,I,served customers in this area: 85
213,Harborough,harborough,Harborough,GB,dim_contoso_customer,I,served customers in this area: 24
214,Haringey,haringey,Haringey,GB,dim_contoso_customer,I,served customers in this area: 3
215,Harlow,harlow,Harlow,GB,dim_contoso_customer,I,served customers in this area: 7
216,Harrogate,harrogate,Harrogate,GB,dim_contoso_customer,I,served customers in this area: 29
217,Harrow,harrow,Harrow,GB,dim_contoso_customer,I,served customers in this area: 8
219,Hartlepool,hartlepool,Hartlepool,GB,dim_contoso_customer,I,served customers in this area: 10
220,Hastings,hastings,Hastings,GB,dim_contoso_customer,I,served customers in this area: 15
221,Havering,havering,Havering,GB,dim_contoso_customer,I,served customers in this area: 10
222,Hereford,hereford,Hereford,GB,dim_contoso_customer,I,served customers in this area: 189
223,Hertfordshire,hertfordshire,Hertfordshire,GB,dim_contoso_customer,I,served customers in this area: 3
224,Hertsmere,hertsmere,Hertsmere,GB,dim_contoso_customer,I,served customers in this area: 4
226,Highland,highland,Highland,GB,dim_contoso_customer,I,served customers in this area: 730
227,Hillingdon,hillingdon,Hillingdon,GB,dim_contoso_customer,I,served customers in this area: 7
228,Hinckley and Bosworth,hinckley and bosworth,Hinckley and Bosworth,GB,dim_contoso_customer,I,served customers in this area: 11
229,Horsham,horsham,Horsham,GB,dim_contoso_customer,I,served customers in this area: 42
230,Hounslow,hounslow,Hounslow,GB,dim_contoso_customer,I,served customers in this area: 13
231,Huntingdonshire,huntingdonshire,Huntingdonshire,GB,dim_contoso_customer,I,served customers in this area: 28
232,Hyndburn,hyndburn,Hyndburn,GB,dim_contoso_customer,I,served customers in this area: 9
233,Ipswich,ipswich,Ipswich,GB,dim_contoso_customer,I,served customers in this area: 20
234,Isle of Man,isle of man,Isle of Man,GB,dim_contoso_customer,I,served customers in this area: 51
235,Isle of Wight,isle of wight,Isle of Wight,GB,dim_contoso_customer,I,served customers in this area: 49
237,Islington,islington,Islington,GB,dim_contoso_customer,I,served customers in this area: 2
239,Kennet,kennet,Kennet,GB,dim_contoso_customer,I,served customers in this area: 52
240,Kensington and Chelsea,kensington and chelsea,Kensington and Chelsea,GB,dim_contoso_customer,I,served customers in this area: 9
241,Kent,kent,Kent,GB,dim_contoso_customer,I,served customers in this area: 74
242,Kettering,kettering,Kettering,GB,dim_contoso_customer,I,served customers in this area: 3
243,Kingston upon Hull,kingston upon hull,Kingston upon Hull,GB,dim_contoso_customer,I,served customers in this area: 1
244,Kingston upon Thames,kingston upon thames,Kingston upon Thames,GB,dim_contoso_customer,I,served customers in this area: 4
245,Kinross-Shire,kinross-shire,Kinross-Shire,GB,dim_contoso_customer,I,served customers in this area: 13
246,Kirkcudbrightshire,kirkcudbrightshire,Kirkcudbrightshire,GB,dim_contoso_customer,I,served customers in this area: 60
247,Kirklees,kirklees,Kirklees,GB,dim_contoso_customer,I,served customers in this area: 30
248,Knowsley,knowsley,Knowsley,GB,dim_contoso_customer,I,served customers in this area: 4
249,Lambeth,lambeth,Lambeth,GB,dim_contoso_customer,I,served customers in this area: 7
250,Lanarkshire,lanarkshire,Lanarkshire,GB,dim_contoso_customer,I,served customers in this area: 1
251,Lancaster,lancaster,Lancaster,GB,dim_contoso_customer,I,served customers in this area: 64
252,Leeds,leeds,Leeds,GB,dim_contoso_customer,I,served customers in this area: 63
253,Leicester,leicester,Leicester,GB,dim_contoso_customer,I,served customers in this area: 79
254,Lewes,lewes,Lewes,GB,dim_contoso_customer,I,served customers in this area: 26
255,Lewisham,lewisham,Lewisham,GB,dim_contoso_customer,I,served customers in this area: 5
256,Lichfield,lichfield,Lichfield,GB,dim_contoso_customer,I,served customers in this area: 9
257,Lincoln,lincoln,Lincoln,GB,dim_contoso_customer,I,served customers in this area: 128
258,Liverpool,liverpool,Liverpool,GB,dim_contoso_customer,I,served customers in this area: 14
259,Llandrindod Wells,llandrindod wells,Llandrindod Wells,GB,dim_contoso_customer,I,served customers in this area: 107
260,London,london,London,GB,dim_contoso_customer,I,served customers in this area: 2
261,Luton,luton,Luton,GB,dim_contoso_customer,I,served customers in this area: 4
262,Maidstone,maidstone,Maidstone,GB,dim_contoso_customer,I,served customers in this area: 43
263,Maldon,maldon,Maldon,GB,dim_contoso_customer,I,served customers in this area: 10
264,Malvern Hills,malvern hills,Malvern Hills,GB,dim_contoso_customer,I,served customers in this area: 11
265,Manchester,manchester,Manchester,GB,dim_contoso_customer,I,served customers in this area: 8
266,Mansfield,mansfield,Mansfield,GB,dim_contoso_customer,I,served customers in this area: 3
267,Medway,medway,Medway,GB,dim_contoso_customer,I,served customers in this area: 17
268,Melton,melton,Melton,GB,dim_contoso_customer,I,served customers in this area: 29
269,Mendip,mendip,Mendip,GB,dim_contoso_customer,I,served customers in this area: 40
270,Merthyr Tydfil,merthyr tydfil,Merthyr Tydfil,GB,dim_contoso_customer,I,served customers in this area: 7
271,Merton,merton,Merton,GB,dim_contoso_customer,I,served customers in this area: 1
272,Mid Devon,mid devon,Mid Devon,GB,dim_contoso_customer,I,served customers in this area: 47
273,Mid Suffolk,mid suffolk,Mid Suffolk,GB,dim_contoso_customer,I,served customers in this area: 63
274,Mid Sussex,mid sussex,Mid Sussex,GB,dim_contoso_customer,I,served customers in this area: 19
275,Middlesbrough,middlesbrough,Middlesbrough,GB,dim_contoso_customer,I,served customers in this area: 9
276,Midlothian,midlothian,Midlothian,GB,dim_contoso_customer,I,served customers in this area: 31
277,Milton Keynes,milton keynes,Milton Keynes,GB,dim_contoso_customer,I,served customers in this area: 37
278,Mole Valley,mole valley,Mole Valley,GB,dim_contoso_customer,I,served customers in this area: 19
279,Monmouthshire,monmouthshire,Monmouthshire,GB,dim_contoso_customer,I,served customers in this area: 23
280,Moray,moray,Moray,GB,dim_contoso_customer,I,served customers in this area: 103
281,Neath Port Talbot,neath port talbot,Neath Port Talbot,GB,dim_contoso_customer,I,served customers in this area: 29
282,New Forest,new forest,New Forest,GB,dim_contoso_customer,I,served customers in this area: 54
283,Newark and Sherwood,newark and sherwood,Newark and Sherwood,GB,dim_contoso_customer,I,served customers in this area: 53
284,Newcastle,newcastle,Newcastle,GB,dim_contoso_customer,I,served customers in this area: 17
285,Newham,newham,Newham,GB,dim_contoso_customer,I,served customers in this area: 5
286,Newmarket,newmarket,Newmarket,GB,dim_contoso_customer,I,served customers in this area: 21
287,Newport,newport,Newport,GB,dim_contoso_customer,I,served customers in this area: 107
288,Norfolk,norfolk,Norfolk,GB,dim_contoso_customer,I,served customers in this area: 271
289,North Ayrshire,north ayrshire,North Ayrshire,GB,dim_contoso_customer,I,served customers in this area: 41
290,North Dorset,north dorset,North Dorset,GB,dim_contoso_customer,I,served customers in this area: 67
292,North East Derbyshire,north east derbyshire,North East Derbyshire,GB,dim_contoso_customer,I,served customers in this area: 14
293,North East Lincolnshire,north east lincolnshire,North East Lincolnshire,GB,dim_contoso_customer,I,served customers in this area: 25
294,North Hertfordshire,north hertfordshire,North Hertfordshire,GB,dim_contoso_customer,I,served customers in this area: 51
295,North Kesteven,north kesteven,North Kesteven,GB,dim_contoso_customer,I,served customers in this area: 45
296,North Lanarkshire,north lanarkshire,North Lanarkshire,GB,dim_contoso_customer,I,served customers in this area: 33
297,North Lincolnshire,north lincolnshire,North Lincolnshire,GB,dim_contoso_customer,I,served customers in this area: 41
298,North Somerset,north somerset,North Somerset,GB,dim_contoso_customer,I,served customers in this area: 20
299,North Tyneside,north tyneside,North Tyneside,GB,dim_contoso_customer,I,served customers in this area: 10
300,North Warwickshire,north warwickshire,North Warwickshire,GB,dim_contoso_customer,I,served customers in this area: 14
301,North West Leicestershire,north west leicestershire,North West Leicestershire,GB,dim_contoso_customer,I,served customers in this area: 3
302,North Yorkshire,north yorkshire,North Yorkshire,GB,dim_contoso_customer,I,served customers in this area: 232
303,Northampton,northampton,Northampton,GB,dim_contoso_customer,I,served customers in this area: 6
304,Northumberland,northumberland,Northumberland,GB,dim_contoso_customer,I,served customers in this area: 200
305,Nottingham,nottingham,Nottingham,GB,dim_contoso_customer,I,served customers in this area: 9
306,Nuneaton & Bedworth,nuneaton & bedworth,Nuneaton & Bedworth,GB,dim_contoso_customer,I,served customers in this area: 6
307,Oldham,oldham,Oldham,GB,dim_contoso_customer,I,served customers in this area: 9
308,Orkney Islands,orkney islands,Orkney Islands,GB,dim_contoso_customer,I,served customers in this area: 70
309,Oxford,oxford,Oxford,GB,dim_contoso_customer,I,served customers in this area: 45
310,Pembrokeshire,pembrokeshire,Pembrokeshire,GB,dim_contoso_customer,I,served customers in this area: 130
311,Pendle,pendle,Pendle,GB,dim_contoso_customer,I,served customers in this area: 6
312,Perth and Kinross,perth and kinross,Perth and Kinross,GB,dim_contoso_customer,I,served customers in this area: 178
313,Peterborough,peterborough,Peterborough,GB,dim_contoso_customer,I,served customers in this area: 32
314,Plymouth,plymouth,Plymouth,GB,dim_contoso_customer,I,served customers in this area: 19
315,Poole,poole,Poole,GB,dim_contoso_customer,I,served customers in this area: 9
316,Powys,powys,Powys,GB,dim_contoso_customer,I,served customers in this area: 107
317,Preston,preston,Preston,GB,dim_contoso_customer,I,served customers in this area: 5
318,Purbeck,purbeck,Purbeck,GB,dim_contoso_customer,I,served customers in this area: 19
319,Ramsgate,ramsgate,Ramsgate,GB,dim_contoso_customer,I,served customers in this area: 1
320,Redbridge,redbridge,Redbridge,GB,dim_contoso_customer,I,served customers in this area: 7
321,Redcar & Cleveland,redcar & cleveland,Redcar & Cleveland,GB,dim_contoso_customer,I,served customers in this area: 23
322,Redditch,redditch,Redditch,GB,dim_contoso_customer,I,served customers in this area: 8
323,Reigate and Banstead,reigate and banstead,Reigate and Banstead,GB,dim_contoso_customer,I,served customers in this area: 12
324,Renfrewshire,renfrewshire,Renfrewshire,GB,dim_contoso_customer,I,served customers in this area: 21
325,Rhondda Cynon Taf,rhondda cynon taf,Rhondda Cynon Taf,GB,dim_contoso_customer,I,served customers in this area: 42
326,Ribble Valley,ribble valley,Ribble Valley,GB,dim_contoso_customer,I,served customers in this area: 21
327,Richmond upon Thames,richmond upon thames,Richmond upon Thames,GB,dim_contoso_customer,I,served customers in this area: 9
328,Ripon,ripon,Ripon,GB,dim_contoso_customer,I,served customers in this area: 32
329,Rochdale,rochdale,Rochdale,GB,dim_contoso_customer,I,served customers in this area: 14
330,Rochford,rochford,Rochford,GB,dim_contoso_customer,I,served customers in this area: 8
331,Rossendale,rossendale,Rossendale,GB,dim_contoso_customer,I,served customers in this area: 5
332,Rother,rother,Rother,GB,dim_contoso_customer,I,served customers in this area: 59
333,Rotherham,rotherham,Rotherham,GB,dim_contoso_customer,I,served customers in this area: 18
334,Rugby,rugby,Rugby,GB,dim_contoso_customer,I,served customers in this area: 29
335,Runnymede,runnymede,Runnymede,GB,dim_contoso_customer,I,served customers in this area: 11
336,Rushcliffe,rushcliffe,Rushcliffe,GB,dim_contoso_customer,I,served customers in this area: 23
337,Rushmoor,rushmoor,Rushmoor,GB,dim_contoso_customer,I,served customers in this area: 3
338,Rutland,rutland,Rutland,GB,dim_contoso_customer,I,served customers in this area: 17
339,Salford,salford,Salford,GB,dim_contoso_customer,I,served customers in this area: 9
340,Sandwell,sandwell,Sandwell,GB,dim_contoso_customer,I,served customers in this area: 6
341,Scottish Borders,scottish borders,Scottish Borders,GB,dim_contoso_customer,I,served customers in this area: 137
342,Sedgemoor,sedgemoor,Sedgemoor,GB,dim_contoso_customer,I,served customers in this area: 6
343,Sefton,sefton,Sefton,GB,dim_contoso_customer,I,served customers in this area: 16
344,Selby,selby,Selby,GB,dim_contoso_customer,I,served customers in this area: 9
345,Sevenoaks,sevenoaks,Sevenoaks,GB,dim_contoso_customer,I,served customers in this area: 45
346,Sheffield,sheffield,Sheffield,GB,dim_contoso_customer,I,served customers in this area: 38
347,Shepway,shepway,Shepway,GB,dim_contoso_customer,I,served customers in this area: 9
348,Shetland,shetland,Shetland,GB,dim_contoso_customer,I,served customers in this area: 101
349,Shropshire,shropshire,Shropshire,GB,dim_contoso_customer,I,served customers in this area: 340
350,Slough,slough,Slough,GB,dim_contoso_customer,I,served customers in this area: 4
351,Solihull,solihull,Solihull,GB,dim_contoso_customer,I,served customers in this area: 14
352,Somerset,somerset,Somerset,GB,dim_contoso_customer,I,served customers in this area: 215
353,South Ayrshire,south ayrshire,South Ayrshire,GB,dim_contoso_customer,I,served customers in this area: 36
354,South Buckinghamshire,south buckinghamshire,South Buckinghamshire,GB,dim_contoso_customer,I,served customers in this area: 29
355,South Derbyshire,south derbyshire,South Derbyshire,GB,dim_contoso_customer,I,served customers in this area: 16
356,South Gloucestershire,south gloucestershire,South Gloucestershire,GB,dim_contoso_customer,I,served customers in this area: 14
357,South Hams,south hams,South Hams,GB,dim_contoso_customer,I,served customers in this area: 65
358,South Holland,south holland,South Holland,GB,dim_contoso_customer,I,served customers in this area: 31
359,South Kesteven,south kesteven,South Kesteven,GB,dim_contoso_customer,I,served customers in this area: 67
360,South Lakeland,south lakeland,South Lakeland,GB,dim_contoso_customer,I,served customers in this area: 77
361,South Lanarkshire,south lanarkshire,South Lanarkshire,GB,dim_contoso_customer,I,served customers in this area: 73
362,South Norfolk,south norfolk,South Norfolk,GB,dim_contoso_customer,I,served customers in this area: 13
363,South Northamptonshire,south northamptonshire,South Northamptonshire,GB,dim_contoso_customer,I,served customers in this area: 22
364,South Oxfordshire,south oxfordshire,South Oxfordshire,GB,dim_contoso_customer,I,served customers in this area: 82
365,South Ribble,south ribble,South Ribble,GB,dim_contoso_customer,I,served customers in this area: 8
366,South Somerset,south somerset,South Somerset,GB,dim_contoso_customer,I,served customers in this area: 46
367,South Staffordshire,south staffordshire,South Staffordshire,GB,dim_contoso_customer,I,served customers in this area: 19
368,South Tyneside,south tyneside,South Tyneside,GB,dim_contoso_customer,I,served customers in this area: 3
369,Southampton,southampton,Southampton,GB,dim_contoso_customer,I,served customers in this area: 7
370,Southend-on-Sea,southend-on-sea,Southend-on-Sea,GB,dim_contoso_customer,I,served customers in this area: 2
371,Southwark,southwark,Southwark,GB,dim_contoso_customer,I,served customers in this area: 1
372,Spelthorne,spelthorne,Spelthorne,GB,dim_contoso_customer,I,served customers in this area: 5
373,St Albans,st albans,St Albans,GB,dim_contoso_customer,I,served customers in this area: 16
374,St Edmundsbury,st edmundsbury,St Edmundsbury,GB,dim_contoso_customer,I,served customers in this area: 56
375,St. Helens,st. helens,St. Helens,GB,dim_contoso_customer,I,served customers in this area: 8
376,Staffordshire,staffordshire,Staffordshire,GB,dim_contoso_customer,I,served customers in this area: 122
377,Stevenage,stevenage,Stevenage,GB,dim_contoso_customer,I,served customers in this area: 3
378,Stirling,stirling,Stirling,GB,dim_contoso_customer,I,served customers in this area: 16
379,Stockport,stockport,Stockport,GB,dim_contoso_customer,I,served customers in this area: 7
380,Stockton-on-Tees,stockton-on-tees,Stockton-on-Tees,GB,dim_contoso_customer,I,served customers in this area: 17
381,Stratford-on-Avon,stratford-on-avon,Stratford-on-Avon,GB,dim_contoso_customer,I,served customers in this area: 47
382,Stroud,stroud,Stroud,GB,dim_contoso_customer,I,served customers in this area: 44
383,Suffolk,suffolk,Suffolk,GB,dim_contoso_customer,I,served customers in this area: 36
384,Suffolk Coastal,suffolk coastal,Suffolk Coastal,GB,dim_contoso_customer,I,served customers in this area: 61
385,Sunderland,sunderland,Sunderland,GB,dim_contoso_customer,I,served customers in this area: 28
386,Surrey Heath,surrey heath,Surrey Heath,GB,dim_contoso_customer,I,served customers in this area: 9
387,Sussex,sussex,Sussex,GB,dim_contoso_customer,I,served customers in this area: 40
388,Sutton,sutton,Sutton,GB,dim_contoso_customer,I,served customers in this area: 9
389,Swale,swale,Swale,GB,dim_contoso_customer,I,served customers in this area: 37
390,Swansea,swansea,Swansea,GB,dim_contoso_customer,I,served customers in this area: 39
391,Swindon,swindon,Swindon,GB,dim_contoso_customer,I,served customers in this area: 19
392,Tameside,tameside,Tameside,GB,dim_contoso_customer,I,served customers in this area: 11
393,Tamworth,tamworth,Tamworth,GB,dim_contoso_customer,I,served customers in this area: 18
394,Tandridge,tandridge,Tandridge,GB,dim_contoso_customer,I,served customers in this area: 9
395,Teignbridge,teignbridge,Teignbridge,GB,dim_contoso_customer,I,served customers in this area: 59
396,Telford and Wrekin,telford and wrekin,Telford and Wrekin,GB,dim_contoso_customer,I,served customers in this area: 48
397,Tendring,tendring,Tendring,GB,dim_contoso_customer,I,served customers in this area: 25
398,Test Valley,test valley,Test Valley,GB,dim_contoso_customer,I,served customers in this area: 57
399,Tewkesbury,tewkesbury,Tewkesbury,GB,dim_contoso_customer,I,served customers in this area: 84
400,Three Rivers,three rivers,Three Rivers,GB,dim_contoso_customer,I,served customers in this area: 8
401,Thurrock,thurrock,Thurrock,GB,dim_contoso_customer,I,served customers in this area: 8
402,Tonbridge and Malling,tonbridge and malling,Tonbridge and Malling,GB,dim_contoso_customer,I,served customers in this area: 11
403,Torbay,torbay,Torbay,GB,dim_contoso_customer,I,served customers in this area: 9
404,Torfaen,torfaen,Torfaen,GB,dim_contoso_customer,I,served customers in this area: 4
405,Torridge,torridge,Torridge,GB,dim_contoso_customer,I,served customers in this area: 16
406,Tower Hamlets,tower hamlets,Tower Hamlets,GB,dim_contoso_customer,I,served customers in this area: 5
407,Trafford,trafford,Trafford,GB,dim_contoso_customer,I,served customers in this area: 9
408,Tunbridge Wells,tunbridge wells,Tunbridge Wells,GB,dim_contoso_customer,I,served customers in this area: 16
409,Uttlesford,uttlesford,Uttlesford,GB,dim_contoso_customer,I,served customers in this area: 49
410,Vale of Glamorgan,vale of glamorgan,Vale of Glamorgan,GB,dim_contoso_customer,I,served customers in this area: 38
411,Vale of White Horse,vale of white horse,Vale of White Horse,GB,dim_contoso_customer,I,served customers in this area: 34
412,Wakefield,wakefield,Wakefield,GB,dim_contoso_customer,I,served customers in this area: 36
413,Walsall,walsall,Walsall,GB,dim_contoso_customer,I,served customers in this area: 3
414,Waltham Forest,waltham forest,Waltham Forest,GB,dim_contoso_customer,I,served customers in this area: 2
415,Wandsworth,wandsworth,Wandsworth,GB,dim_contoso_customer,I,served customers in this area: 3
416,Warrington,warrington,Warrington,GB,dim_contoso_customer,I,served customers in this area: 20
417,Warwick,warwick,Warwick,GB,dim_contoso_customer,I,served customers in this area: 58
418,Watford,watford,Watford,GB,dim_contoso_customer,I,served customers in this area: 7
419,Waveney,waveney,Waveney,GB,dim_contoso_customer,I,served customers in this area: 27
420,Waverley,waverley,Waverley,GB,dim_contoso_customer,I,served customers in this area: 36
421,Wealden,wealden,Wealden,GB,dim_contoso_customer,I,served customers in this area: 44
422,Wellingborough,wellingborough,Wellingborough,GB,dim_contoso_customer,I,served customers in this area: 6
423,Welwyn Hatfield,welwyn hatfield,Welwyn Hatfield,GB,dim_contoso_customer,I,served customers in this area: 11
424,West Berkshire,west berkshire,West Berkshire,GB,dim_contoso_customer,I,served customers in this area: 23
425,West Devon,west devon,West Devon,GB,dim_contoso_customer,I,served customers in this area: 13
426,West Dorset,west dorset,West Dorset,GB,dim_contoso_customer,I,served customers in this area: 107
427,West Dunbartonshire,west dunbartonshire,West Dunbartonshire,GB,dim_contoso_customer,I,served customers in this area: 33
428,West Lancashire,west lancashire,West Lancashire,GB,dim_contoso_customer,I,served customers in this area: 15
429,West Lindsey,west lindsey,West Lindsey,GB,dim_contoso_customer,I,served customers in this area: 42
430,West Lothian,west lothian,West Lothian,GB,dim_contoso_customer,I,served customers in this area: 23
431,West Norfolk,west norfolk,West Norfolk,GB,dim_contoso_customer,I,served customers in this area: 76
432,West Oxfordshire,west oxfordshire,West Oxfordshire,GB,dim_contoso_customer,I,served customers in this area: 42
433,Westminster,westminster,Westminster,GB,dim_contoso_customer,I,served customers in this area: 10
434,Weymouth and Portland,weymouth and portland,Weymouth and Portland,GB,dim_contoso_customer,I,served customers in this area: 14
435,Wigan,wigan,Wigan,GB,dim_contoso_customer,I,served customers in this area: 19
436,Wigtownshire,wigtownshire,Wigtownshire,GB,dim_contoso_customer,I,served customers in this area: 58
437,Wiltshire,wiltshire,Wiltshire,GB,dim_contoso_customer,I,served customers in this area: 205
438,Winchester,winchester,Winchester,GB,dim_contoso_customer,I,served customers in this area: 39
439,Windsor and Maidenhead,windsor and maidenhead,Windsor and Maidenhead,GB,dim_contoso_customer,I,served customers in this area: 5
440,Wirral,wirral,Wirral,GB,dim_contoso_customer,I,served customers in this area: 18
441,Woking,woking,Woking,GB,dim_contoso_customer,I,served customers in this area: 3
442,Wokingham,wokingham,Wokingham,GB,dim_contoso_customer,I,served customers in this area: 15
443,Wolverhampton,wolverhampton,Wolverhampton,GB,dim_contoso_customer,I,served customers in this area: 21
444,Worcester,worcester,Worcester,GB,dim_contoso_customer,I,served customers in this area: 52
445,Worthing,worthing,Worthing,GB,dim_contoso_customer,I,served customers in this area: 6
446,Wrexham,wrexham,Wrexham,GB,dim_contoso_customer,I,served customers in this area: 38
447,Wychavon,wychavon,Wychavon,GB,dim_contoso_customer,I,served customers in this area: 47
448,Wycombe,wycombe,Wycombe,GB,dim_contoso_customer,I,served customers in this area: 33
449,Wyre,wyre,Wyre,GB,dim_contoso_customer,I,served customers in this area: 5
450,Wyre Forest,wyre forest,Wyre Forest,GB,dim_contoso_customer,I,served customers in this area: 24
451,York,york,York,GB,dim_contoso_customer,I,served customers in this area: 127
452,Agrigento,agrigento,AG,IT,dim_contoso_customer,I,served customers in this area: 14
453,Alessandria,alessandria,AL,IT,dim_contoso_customer,I,served customers in this area: 76
454,Ancona,ancona,AN,IT,dim_contoso_customer,I,served customers in this area: 41
455,Aosta,aosta,AO,IT,dim_contoso_customer,I,served customers in this area: 33
456,Ascoli Piceno,ascoli piceno,AP,IT,dim_contoso_customer,I,served customers in this area: 43
457,L'Aquila,l'aquila,AQ,IT,dim_contoso_customer,I,served customers in this area: 68
458,Arezzo,arezzo,AR,IT,dim_contoso_customer,I,served customers in this area: 47
459,Asti,asti,AT,IT,dim_contoso_customer,I,served customers in this area: 53
460,Avellino,avellino,AV,IT,dim_contoso_customer,I,served customers in this area: 56
461,Bari,bari,BA,IT,dim_contoso_customer,I,served customers in this area: 28
462,Bergamo,bergamo,BG,IT,dim_contoso_customer,I,served customers in this area: 83
463,Biella,biella,BI,IT,dim_contoso_customer,I,served customers in this area: 34
464,Belluno,belluno,BL,IT,dim_contoso_customer,I,served customers in this area: 40
465,Benevento,benevento,BN,IT,dim_contoso_customer,I,served customers in this area: 30
466,Bologna,bologna,BO,IT,dim_contoso_customer,I,served customers in this area: 67
467,Brindisi,brindisi,BR,IT,dim_contoso_customer,I,served customers in this area: 12
468,Brescia,brescia,BS,IT,dim_contoso_customer,I,served customers in this area: 102
469,Bolzano,bolzano,BZ,IT,dim_contoso_customer,I,served customers in this area: 141
470,Cagliari,cagliari,CA,IT,dim_contoso_customer,I,served customers in this area: 65
471,Campobasso,campobasso,CB,IT,dim_contoso_customer,I,served customers in this area: 33
472,Caserta,caserta,CE,IT,dim_contoso_customer,I,served customers in this area: 53
473,Chieti,chieti,CH,IT,dim_contoso_customer,I,served customers in this area: 31
474,Caltanissetta,caltanissetta,CL,IT,dim_contoso_customer,I,served customers in this area: 5
475,Cuneo,cuneo,CN,IT,dim_contoso_customer,I,served customers in this area: 129
476,Como,como,CO,IT,dim_contoso_customer,I,served customers in this area: 64
477,Cremona,cremona,CR,IT,dim_contoso_customer,I,served customers in this area: 51
478,Cosenza,cosenza,CS,IT,dim_contoso_customer,I,served customers in this area: 86
479,Catania,catania,CT,IT,dim_contoso_customer,I,served customers in this area: 48
480,Catanzaro,catanzaro,CZ,IT,dim_contoso_customer,I,served customers in this area: 64
481,Enna,enna,EN,IT,dim_contoso_customer,I,served customers in this area: 8
482,Ferrara,ferrara,FE,IT,dim_contoso_customer,I,served customers in this area: 29
483,Foggia,foggia,FG,IT,dim_contoso_customer,I,served customers in this area: 19
484,Firenze,firenze,FI,IT,dim_contoso_customer,I,served customers in this area: 75
485,Forli,forli,FO,IT,dim_contoso_customer,I,served customers in this area: 39
486,Frosinone,frosinone,FR,IT,dim_contoso_customer,I,served customers in this area: 47
487,Genova,genova,GE,IT,dim_contoso_customer,I,served customers in this area: 83
488,Gorizia,gorizia,GO,IT,dim_contoso_customer,I,served customers in this area: 16
489,Grosseto,grosseto,GR,IT,dim_contoso_customer,I,served customers in this area: 43
490,Imperia,imperia,IM,IT,dim_contoso_customer,I,served customers in this area: 26
491,Isernia,isernia,IS,IT,dim_contoso_customer,I,served customers in this area: 17
492,Crotone,crotone,KR,IT,dim_contoso_customer,I,served customers in this area: 16
493,Lecco,lecco,LC,IT,dim_contoso_customer,I,served customers in this area: 26
494,Lecce,lecce,LE,IT,dim_contoso_customer,I,served customers in this area: 48
495,Livorno,livorno,LI,IT,dim_contoso_customer,I,served customers in this area: 30
496,Lodi,lodi,LO,IT,dim_contoso_customer,I,served customers in this area: 27
497,Latina,latina,LT,IT,dim_contoso_customer,I,served customers in this area: 32
498,Lucca,lucca,LU,IT,dim_contoso_customer,I,served customers in this area: 48
499,Macerata,macerata,MC,IT,dim_contoso_customer,I,served customers in this area: 42
500,Messina,messina,ME,IT,dim_contoso_customer,I,served customers in this area: 77
501,Milano,milano,MI,IT,dim_contoso_customer,I,served customers in this area: 101
502,Mantova,mantova,MN,IT,dim_contoso_customer,I,served customers in this area: 39
503,Modena,modena,MO,IT,dim_contoso_customer,I,served customers in this area: 85
504,Massa,massa,MS,IT,dim_contoso_customer,I,served customers in this area: 36
505,Matera,matera,MT,IT,dim_contoso_customer,I,served customers in this area: 11
506,Napoli,napoli,NA,IT,dim_contoso_customer,I,served customers in this area: 66
507,Novara,novara,NO,IT,dim_contoso_customer,I,served customers in this area: 38
508,Nuoro,nuoro,NU,IT,dim_contoso_customer,I,served customers in this area: 73
509,Oristano,oristano,OR,IT,dim_contoso_customer,I,served customers in this area: 35
510,Palermo,palermo,PA,IT,dim_contoso_customer,I,served customers in this area: 43
511,Piacenza,piacenza,PC,IT,dim_contoso_customer,I,served customers in this area: 39
512,Padova,padova,PD,IT,dim_contoso_customer,I,served customers in this area: 60
513,Pescara,pescara,PE,IT,dim_contoso_customer,I,served customers in this area: 36
514,Perugia,perugia,PG,IT,dim_contoso_customer,I,served customers in this area: 140
515,Pisa,pisa,PI,IT,dim_contoso_customer,I,served customers in this area: 54
516,Pordenone,pordenone,PN,IT,dim_contoso_customer,I,served customers in this area: 32
517,Prato,prato,PO,IT,dim_contoso_customer,I,served customers in this area: 11
518,Parma,parma,PR,IT,dim_contoso_customer,I,served customers in this area: 74
520,Pistoia,pistoia,PT,IT,dim_contoso_customer,I,served customers in this area: 33
521,Pavia,pavia,PV,IT,dim_contoso_customer,I,served customers in this area: 60
522,Potenza,potenza,PZ,IT,dim_contoso_customer,I,served customers in this area: 63
523,Ravenna,ravenna,RA,IT,dim_contoso_customer,I,served customers in this area: 30
524,Reggio Calabria,reggio calabria,RC,IT,dim_contoso_customer,I,served customers in this area: 76
525,Reggio Emilia,reggio emilia,RE,IT,dim_contoso_customer,I,served customers in this area: 40
526,Ragusa,ragusa,RG,IT,dim_contoso_customer,I,served customers in this area: 8
527,Rieti,rieti,RI,IT,dim_contoso_customer,I,served customers in this area: 53
528,Roma,roma,RM,IT,dim_contoso_customer,I,served customers in this area: 105
529,Rimini,rimini,RN,IT,dim_contoso_customer,I,served customers in this area: 19
530,Rovigo,rovigo,RO,IT,dim_contoso_customer,I,served customers in this area: 27
531,Salerno,salerno,SA,IT,dim_contoso_customer,I,served customers in this area: 117
532,Siena,siena,SI,IT,dim_contoso_customer,I,served customers in this area: 38
533,Sondrio,sondrio,SO,IT,dim_contoso_customer,I,served customers in this area: 43
534,La Spezia,la spezia,SP,IT,dim_contoso_customer,I,served customers in this area: 42
535,Siracusa,siracusa,SR,IT,dim_contoso_customer,I,served customers in this area: 5
536,Sassari,sassari,SS,IT,dim_contoso_customer,I,served customers in this area: 52
537,Savona,savona,SV,IT,dim_contoso_customer,I,served customers in this area: 39
538,Taranto,taranto,TA,IT,dim_contoso_customer,I,served customers in this area: 17
539,Teramo,teramo,TE,IT,dim_contoso_customer,I,served customers in this area: 49
540,Trento,trento,TN,IT,dim_contoso_customer,I,served customers in this area: 126
541,Torino,torino,TO,IT,dim_contoso_customer,I,served customers in this area: 135
542,Trapani,trapani,TP,IT,dim_contoso_customer,I,served customers in this area: 24
543,Termi,termi,TR,IT,dim_contoso_customer,I,served customers in this area: 33
544,Trieste,trieste,TS,IT,dim_contoso_customer,I,served customers in this area: 16
545,Treviso,treviso,TV,IT,dim_contoso_customer,I,served customers in this area: 76
546,Udine,udine,UD,IT,dim_contoso_customer,I,served customers in this area: 65
547,Varese,varese,VA,IT,dim_contoso_customer,I,served customers in this area: 56
548,Vercelli,vercelli,VC,IT,dim_contoso_customer,I,served customers in this area: 35
549,Venezia,venezia,VE,IT,dim_contoso_customer,I,served customers in this area: 55
550,Vicenza,vicenza,VI,IT,dim_contoso_customer,I,served customers in this area: 53
551,Verona,verona,VR,IT,dim_contoso_customer,I,served customers in this area: 64
552,Viterbo,viterbo,VT,IT,dim_contoso_customer,I,served customers in this area: 32
553,Vibo Valentia,vibo valentia,VV,IT,dim_contoso_customer,I,served customers in this area: 32
554,Drenthe,drenthe,DR,NL,dim_contoso_customer,I,served customers in this area: 158
555,Flevoland,flevoland,FL,NL,dim_contoso_customer,I,served customers in this area: 113
556,Friesland,friesland,FR,NL,dim_contoso_customer,I,served customers in this area: 209
557,Gelderland,gelderland,GE,NL,dim_contoso_customer,I,served customers in this area: 665
558,Groningen,groningen,GR,NL,dim_contoso_customer,I,served customers in this area: 177
559,Limburg,limburg,LI,NL,dim_contoso_customer,I,served customers in this area: 330
560,Noord-Brabant,noord-brabant,NB,NL,dim_contoso_customer,I,served customers in this area: 676
561,Noord-Holland,noord-holland,NH,NL,dim_contoso_customer,I,served customers in this area: 767
562,Overijssel,overijssel,OV,NL,dim_contoso_customer,I,served customers in this area: 331
563,Utrecht,utrecht,UT,NL,dim_contoso_customer,I,served customers in this area: 348
564,Zeeland,zeeland,ZE,NL,dim_contoso_customer,I,served customers in this area: 178
565,Zuid-Holland,zuid-holland,ZH,NL,dim_contoso_customer,I,served customers in this area: 959
566,Alaska,alaska,AK,US,dim_contoso_customer,I,served customers in this area: 167
567,Alabama,alabama,AL,US,dim_contoso_customer,I,served customers in this area: 682
568,Arkansas,arkansas,AR,US,dim_contoso_customer,I,served customers in this area: 507
569,Arizona,arizona,AZ,US,dim_contoso_customer,I,served customers in this area: 666
570,California,california,CA,US,dim_contoso_customer,I,served customers in this area: 4754
571,Colorado,colorado,CO,US,dim_contoso_customer,I,served customers in this area: 709
572,Connecticut,connecticut,CT,US,dim_contoso_customer,I,served customers in this area: 531
573,Washington DC,washington dc,DC,US,dim_contoso_customer,I,served customers in this area: 203
574,Delaware,delaware,DE,US,dim_contoso_customer,I,served customers in this area: 158
575,Florida,florida,FL,US,dim_contoso_customer,I,served customers in this area: 2276
576,Georgia,georgia,GA,US,dim_contoso_customer,I,served customers in this area: 1231
577,Hawaii,hawaii,HI,US,dim_contoso_customer,I,served customers in this area: 160
578,Iowa,iowa,IA,US,dim_contoso_customer,I,served customers in this area: 441
579,Idaho,idaho,ID,US,dim_contoso_customer,I,served customers in this area: 218
580,Illinois,illinois,IL,US,dim_contoso_customer,I,served customers in this area: 2157
581,Indiana,indiana,IN,US,dim_contoso_customer,I,served customers in this area: 985
582,Kansas,kansas,KS,US,dim_contoso_customer,I,served customers in this area: 511
583,Kentucky,kentucky,KY,US,dim_contoso_customer,I,served customers in this area: 734
584,Louisiana,louisiana,LA,US,dim_contoso_customer,I,served customers in this area: 714
585,Massachusetts,massachusetts,MA,US,dim_contoso_customer,I,served customers in this area: 1269
586,Maryland,maryland,MD,US,dim_contoso_customer,I,served customers in this area: 882
587,Maine,maine,ME,US,dim_contoso_customer,I,served customers in this area: 185
588,Michigan,michigan,MI,US,dim_contoso_customer,I,served customers in this area: 1774
589,Minnesota,minnesota,MN,US,dim_contoso_customer,I,served customers in this area: 937
590,Missouri,missouri,MO,US,dim_contoso_customer,I,served customers in this area: 992
591,Mississippi,mississippi,MS,US,dim_contoso_customer,I,served customers in this area: 519
592,Montana,montana,MT,US,dim_contoso_customer,I,served customers in this area: 197
593,North Carolina,north carolina,NC,US,dim_contoso_customer,I,served customers in this area: 1240
594,North Dakota,north dakota,ND,US,dim_contoso_customer,I,served customers in this area: 219
595,Nebraska,nebraska,NE,US,dim_contoso_customer,I,served customers in this area: 333
596,New Hampshire,new hampshire,NH,US,dim_contoso_customer,I,served customers in this area: 188
597,New Jersey,new jersey,NJ,US,dim_contoso_customer,I,served customers in this area: 1331
598,New Mexico,new mexico,NM,US,dim_contoso_customer,I,served customers in this area: 220
599,Nevada,nevada,NV,US,dim_contoso_customer,I,served customers in this area: 330
600,New York,new york,NY,US,dim_contoso_customer,I,served customers in this area: 2680
601,Ohio,ohio,OH,US,dim_contoso_customer,I,served customers in this area: 1732
602,Oklahoma,oklahoma,OK,US,dim_contoso_customer,I,served customers in this area: 632
603,Oregon,oregon,OR,US,dim_contoso_customer,I,served customers in this area: 510
604,Pennsylvania,pennsylvania,PA,US,dim_contoso_customer,I,served customers in this area: 2017
605,Rhode Island,rhode island,RI,US,dim_contoso_customer,I,served customers in this area: 202
606,South Carolina,south carolina,SC,US,dim_contoso_customer,I,served customers in this area: 571
607,South Dakota,south dakota,SD,US,dim_contoso_customer,I,served customers in this area: 154
608,Tennessee,tennessee,TN,US,dim_contoso_customer,I,served customers in this area: 842
609,Texas,texas,TX,US,dim_contoso_customer,I,served customers in this area: 3488
610,Utah,utah,UT,US,dim_contoso_customer,I,served customers in this area: 358
611,Virginia,virginia,VA,US,dim_contoso_customer,I,served customers in this area: 1066
612,Vermont,vermont,VT,US,dim_contoso_customer,I,served customers in this area: 189
613,Washington,washington,WA,US,dim_contoso_customer,I,served customers in this area: 940
614,Wisconsin,wisconsin,WI,US,dim_contoso_customer,I,served customers in this area: 963
615,West Virginia,west virginia,WV,US,dim_contoso_customer,I,served customers in this area: 285
616,Wyoming,wyoming,WY,US,dim_contoso_customer,I,served customers in this area: 134
